﻿{
  "NotebookFounds": "{0} bloc-notes trouvés.",
  "PleaseChooseNotebookToExport": "Merci d'entrer le numéro du bloc-note à exporter, ou une liste séparée par une virgule (Ex: \"2,3,4\") : ",
  "ExportAllNotebooks": "[0] Exporter tous les bloc-notes",
  "ErrorImageExtract": "Erreur pendant l'extraction des images de la page.",
  "ExportNotebookPositionX": "[{0}] {1}",
  "NotebookNotFound": "Bloc-note non trouvé",
  "BadInput": "Merci de saisir une valeur numérique",
  "ChooseExportFormat": "\nMerci de choisir le format de l'export: ",
  "ChooseExportFormat1": "[1] Markdown (défaut)",
  "ChooseExportFormat2": "[2] Joplin Raw Folder",
  "StartExportingNotebook": "Début de l'export du bloc-note : {0}",
  "ExportSuccessful": "--> Export du bloc-note terminé\nDossier de l'export : '{0}'",
  "ErrorDuringPageProcessing": "Erreur durant le traitement de la page [{1}]. Page ignorée. Message d'erreur : {2}",
  "ErrorDuringPageProcessingIsOneNoteRunning": "Erreur durant le traitement de la page [{1}], page ignorée. La page est peut-être corrompue ou OneNote n'est pas démarré. Message d'erreur : {2}",
  "ErrorDuringPageProcessingRetryInProgress": "Erreur durant le traitement de la page [{1}], impossible de communiquer avec OneNote. Attente de {3}s avant nouvel essai.",
  "SuccessPageExportAfterRetry": "Export de la page réussi.",
  "ErrorDuringSectionProcessing": "Erreur durant le traitement de la section {0} [{1}]. Message d'erreur : {2}",
  "ErrorDuringNotebookProcessingNbTree": "Erreur durant le traitement du bloc-note {0} [{1}]. Impossible de charger l'arborescence. Message d'erreur : {2}",
  "EndOfExport": "\nAppuyez sur une touche pour quitter...",
  "NotebookNameNotFound": "Le blocNote '{0}' n'a pas été trouvé. Est-il bien ouvert dans OneNote ?",
  "WelcomeMessage": "Avant de continuer, merci de vérifier que :\n\n* OneNote et Word de la suite Office sont correctement installés\n* OneNote est lancé et les Blocnotes que vous souhaitez exporter sont ouverts\n* Cet utilitaire et OneNote sont lancés avec des privilèges normaux (PAS en tant qu'administrateur)\n\nLimitations connues de cet utilitaire :\n* L'application gratuite 'OneNote For Windows' n'est pas supportée\n* Les sections protégées par des mots de passe ne sont pas exportées (sauf si elles sont dévérouillées au moment de l'export)\n* Le texte écrit avec un stylet n'est pas exporté\n",
  "WelcomeMessageWarn": "Conservez toujours une sauvegarde de vos bloc-notes OneNote au cas où vous découvririez ultérieurement que certaines données manquent dans l'export\n",
  "PressEnter": "Appuyez sur [Entrée] pour continuer...",
  "ExportFolder": "Exports",
  "ErrorWhileStartingOnenote": "Erreur durant l'exécution de OneNote. Merci de vérifiez que OneNote est bien en cours d'exécution. Vous pouvez aussi essayer de fermer puis relancer OneNote.",
  "DoYouWantToUpdateSettings": "Ouvrir les paramètres avancés d'export ?\n[oui] ou [Entrée] pour continuer avec les paramètres actuels",
  "YesAnswer": "oui",
  "FoundXSections": "--> {0} sections trouvées\n",
  "FoundXSectionsAndSecGrp": "--> {0} sections et groupes de section trouvés\n",
  "StartProcessingSectionX": "Début du traitement de la section",
  "Page": "Page",
  "ExportEndedWithErrors": "--> ATTENTION: l'export du bloc-note s'est terminé avec {1} page(s) en erreur.\nVous pouvez consulter le détail des logs dans le fichier '{2}'.\nDossier de l'export : '{0}'",
  "ErrorPreventToCommunicateWithOneNote": "Une erreur s'est produit lors de la communication avec OneNote. Votre installation d'Office est peut être corrompue. Vous pouvez tenter de la réparer en exécutant l'utilitaire de réparation Office. Pour cela consulter la page suivante : https://support.microsoft.com/fr-fr/office/r%C3%A9parer-une-application-office-7821d4b6-7c1d-4205-aa0e-a6b40c5bb88b ."
}
