﻿{
  "NotebookFounds": "找到 {0} 本笔记本。",
  "PleaseChooseNotebookToExport": "请输入要导出的笔记本编号 : ",
  "ExportAllNotebooks": "[0] 导出所有笔记本",
  "ErrorImageExtract": "提取页面图像时出错。",
  "ExportNotebookPositionX": "[{0}] {1}",
  "NotebookNotFound": "笔记本没有找到",
  "BadInput": "Please enter a numeric value",
  "ChooseExportFormat": "\n选择导出的格式: ",
  "ChooseExportFormat1": "[1] Markdown (默认)",
  "ChooseExportFormat2": "[2] Joplin Raw Folder",
  "StartExportingNotebook": "开始导出笔记本: {0}",
  "ExportSuccessful": "--> 笔记本导出成功\n导出路径为 : '{0}'",
  "ErrorDuringPageProcessing": "页面处理过程中出现错误 {0} [{1}]. 页面忽略。错误消息 : {2}",
  "ErrorDuringSectionProcessing": "处理分区时出现错误 {0} [{1}]. 错误信息 : {2}",
  "ErrorDuringNotebookProcessingNbTree": "处理笔记本时发生错误 {0} [{1}]. 无法浏览笔记本树。错误消息 : {2}",
  "EndOfExport": "\n按下任何按键退出...",
  "NotebookNameNotFound": "笔记本 '{0}' 无法找到. 请确保OneNote正在运作",
  "WelcomeMessage": "在开始之前, 请确保 :\n\n* 重要！确保解压pandoc目录下的压缩包，并且将里面的exe文件放入pandoc目录下\n* 需要打开OneNote程序\n* 正确安装了Office套件的Word和OneNote\n* 该工具和OneNote以普通特权启动(不是以管理员身份)\n\n已知的限制:\n* 不支持免费应用程序'One Note For Windows'\n* 密码保护部分不会导出\n* 手写文本不会被正确导出\n",
  "WelcomeMessageWarn": "始终保留OneNote笔记本电脑的备份，以防您在稍后发现导出中缺少某些数据\n",
  "PressEnter": "按下回车以继续...",
  "ExportFolder": "Exports",
  "ErrorWhileStartingOnenote": "OneNote执行时发生错误。请检查OneNote是否正在运行。尝试关闭并重新启动OneNote。",
  "ErrorDuringOneNoteExport": "OneNote在页面导出时返回了一个错误： '{0}'",
  "DoYouWantToUpdateSettings": "是否打开高级设置?\n -输入[yes]打开高级设置文件\n -按下任意键以目前的设置进行导出",
  "YesAnswer": "yes",
  "FoundXSections": "--> 找到 {0} 个章节\n",
  "FoundXSectionsAndSecGrp": "--> 在章节组中找到 {0} 个章节\n",
  "StartProcessingSectionX": "开始导出章节",
  "Page": "页面"
}
